works_id,name,year,books_id,page
fevral,февраль,1981,bkp1,8
atlantic,"То ли мука, то ли скука...",1982,bkp1,64
babelman,Баб-эль-Мандебский пролив,1982,bkp1,80
chastush,частушки,1982,bkp1,14
juzhnyj,Южный ветер. Дальний путь...,1982,bkp1,26
kapitan,капитан бравый,1982,bkp1,19
kariatid,кариатиды,1982,bkp1,114
kolybeln,колыбельная,1982,bkp1,33
korablik,кораблик,1982,bkp1,48
krym,Крым,1982,bkp1,100
ljudisux,люди сухопутья,1982,bkp1,73
mchisnad,"Мчись над волной, смелый...",1982,bkp1,68
ojdachto,"Ой, да что ж это такое...",1982,bkp1,130
risunok,рисунок,1982,bkp1,109
rybakov,песня рыбаков Флориды,1982,bkp1,58
shanson,шансон,1982,bkp1,121
fialkovy,фиалковый букет,1983,bkp1,160
gorestn,горестный романс 1,1983,bkp1,144
kibitka,кибитка,1983,bkp1,165
opilki,опилки,1983,bkp1,148
poshlyj,пошлый романс,1983,bkp1,152
stodruze,сто друзей,1983,bkp1,141
trojka,песня о тройке,1983,bkp1,134
malenkaj,маленькая хозяйка,1984,bkp1,184
marija,Мария,1984,bkp1,195
proscha1,прощальая 1,1984,bkp1,176
sredneg1,песня среднего человека 1,1984,bkp1,198
tolpy,песня толпы,1984,bkp1,203
vishnevo,вишнёвое варенье,1984,bkp1,172
vseravno,всё равно не по себе,1984,bkp1,190
billy,Билли,1985,bkp1,286
bolero1,болеро 1,1985,bkp1,219
deloshlo,Дело шло к рассвету...,1985,bkp1,232
doroga,дорога,1985,bkp1,307
dusha,душа,1985,bkp1,272
ispokojn,тоска по родине,1985,bkp1,303
jaispoln,Я исполняю всё...,1985,bkp1,206
jubilejn,юбилейная,1985,bkp1,242
kogdaby,Когда бы ты была...,1985,bkp1,235
konivvag,кони в вагоне,1985,bkp1,280
krym2,Крым 2,1985,bkp1,250
proscha2,прощальная 2,1985,bkp1,259
romans1,романс 1,1985,bkp1,210
romans2,романс 2,1985,bkp1,226
schitime,щит и меч,1985,bkp1,295
teplyj,Тёплый дом...,1985,bkp1,298
vozvrasc,возвращение,1985,bkp1,252
znamja,Знамя наше на древке...,1985,bkp1,276
alliluja,аллилуйя,1986,bkp1,346
druzjamo,Друзья-мореходы...,1986,bkp1,362
gorestn2,горестный романс 2,1986,bkp1,321
jachashu,Я чашу свою осушил...,1986,bkp1,375
krajzem,"Там, где шелестят...",1986,bkp1,370
maj,май,1986,bkp1,336
moekoro1,моё королевство 1,1986,bkp1,380
moekoro2,моё королевство 2,1986,bkp1,384
mojarabo,моя работа,1986,bkp1,344
navsejz1,на всей Земле,1986,bkp1,310
ogerojax,песня о героях,1986,bkp1,367
pazh,песня пажа,1986,bkp1,331
podzname,Под знаменем Фортуны...,1986,bkp1,326
pustyjeb,Пустые бочки вином наполню...,1986,bkp1,314
sredneg2,песня среднего человека 2,1986,bkp1,356
trubach,трубач,1986,bkp1,353
unasopja,У нас опять зима...,1986,bkp1,391
vosxodja,Восходя дорогой горной...,1986,bkp1,401
zakonxod,закон ходьбы,1986,bkp1,386
adleucon,ad Leuconoen,1987,bkp1,444
balagan1,балаган 1,1987,bkp1,436
muzhajsj,мужайся,1987,bkp1,425
novyjgen,новый гений,1987,bkp1,433
proschan,прощание славянки,1987,bkp1,416
sezondoz,сезон дождей,1987,bkp1,454
temapoko,тема покоя,1987,bkp1,420
tolpaxud,толпа – художнику,1987,bkp1,413
vechnoot,Вечно открытый Божьему гневу...,1987,bkp1,410
vostochr,восточный романс,1987,bkp1,452
akoektop,А кое-кто по костям моим...,1988,bkp2,32
kovcheg,ковчег неутомимый,1988,bkp2,8
navescha,Навещая знакомый берег...,1988,bkp2,25
proscha3,прощальная 3,1988,bkp2,40
vechnoes,вечное Слово,1988,bkp2,19
aerodrom,аэродром,1989,bkp2,114
allegord,аллегория для голоса с хором,1989,bkp2,108
balagan2,балаган 2,1989,bkp2,98
itakdruz,"Итак, друзья, какие...",1989,bkp2,80
japodari,обращение к герою,1989,bkp2,70
kogdajab,Когда я был помоложе...,1989,bkp2,121
kupljubi,контрреволюционный этюд,1989,bkp2,87
mezhetim,Меж этим пределом...,1989,bkp2,50
nichemun,Ничему не поверю...,1989,bkp2,44
otchego1,Мой несчастный друг...,1989,bkp2,55
otchego2,Призвав решительность...,1989,bkp2,60
voslavug,Во славу Греции твоей...,1989,bkp2,75
votpodni,Вот — поднимается ветер...,1989,bkp2,93
vpoxodny,песенка,1989,bkp2,105
zatemzhe,"Затем же, зачем...",1989,bkp2,66
1990,1990,1990,bkp2,272
burja,буря на море,1990,bkp2,146
chtotako,Что такое есть я...,1990,bkp2,240
descensu,descensus ad inferos,1990,bkp2,300
eccehomo,ecce homo,1990,bkp2,175
istorija,"Сначала я, натурально...",1990,bkp2,220
kinemat1,кинематограф 1,1990,bkp2,158
kolybelb,колыбельная безумца,1990,bkp2,132
ljubov,"Любовь, как истина...",1990,bkp2,264
moekoro3,моё королевство 3,1990,bkp2,182
molitva,молитва безумца,1990,bkp2,126
netnet,"Нет, нет!..",1990,bkp2,150
ostrova,острова,1990,bkp2,236
otomirec,О том и речь...,1990,bkp2,216
otynezna,"О ты, не знающий...",1990,bkp2,279
pesenkao,песенка о молодости,1990,bkp2,284
romansma,романс-марш,1990,bkp2,294
sentenci,сентенциозные куплеты,1990,bkp2,261
stixiopr,Для тех несчастных...,1990,bkp2,226
sustavy,суставы,1990,bkp2,231
svidanie,свидание с полковником,1990,bkp2,189
vekaplyv,"Века плывут, подобно китам...",1990,bkp2,202
vostoch1,«восточная» песня 1,1990,bkp2,168
vostoch2,«восточная» песня 2,1990,bkp2,209
vozdvig,воздвиг я памятник,1990,bkp2,254
zaliv,залив,1990,bkp2,246
zavescha,завещание безумца,1990,bkp2,140
1991,1991,1991,bkp2,374
deklarac,декларация,1991,bkp2,307
ej28let,Ей двадцать восемь лет...,1991,bkp2,347
farewell,farewell,1991,bkp2,386
izdaleka,Издалека вернувшись...,1991,bkp2,344
menuet,менуэт,1991,bkp2,350
odnazhdy,Однажды думал-думал...,1991,bkp2,338
panorama,панорама,1991,bkp2,381
peshkom,Пешком с востока...,1991,bkp2,371
prenebre,песня безумца,1991,bkp2,304
sharmans,шарманщик,1991,bkp2,314
shkolat1,школа танцев 1,1991,bkp2,360
vbelojmg,В белой мгле...,1991,bkp2,331
zaklinan,заклинание,1991,bkp2,354
1992,1992,1992,bkp2,468
brodjagi,бродяги,1992,bkp2,398
drugajaz,другая жизнь,1992,bkp2,426
eschemla,Ещё младенцем...,1992,bkp2,402
etiglaza,«эти глаза напротив»,1992,bkp2,440
etodolzh,Это должно случиться...,1992,bkp2,454
farmacev,фармацевт,1992,bkp2,390
fontanka,фонтанка,1992,bkp2,450
ochnulsj,Очнулся утром...,1992,bkp2,433
okean,океан,1992,bkp2,472
poslexol,После холодности...,1992,bkp2,412
rozhdest,Рождество,1992,bkp2,406
rusalka,"Русалка, цыганка, цикада...",1992,bkp2,460
vjuga,Вьюга замолчит...,1992,bkp2,419
avtoparo,автопародия,1993,bkp2,586
ballada,баллада,1993,bkp2,583
baltijsk,«балтийские волны»,1993,bkp2,486
drugoe,другое обращение к герою,1993,bkp2,572
duet,дуэт,1993,bkp2,538
etoja,"Это я, а не ты...",1993,bkp2,512
kadril,кадриль,1993,bkp2,480
kakojkos,Какой кошмар...,1993,bkp2,476
kalejdos,калейдоскоп детский,1993,bkp2,496
ksorokon,к сороконожке,1993,bkp2,546
marshkro,марш кротов,1993,bkp2,533
peterbur,Петербург,1993,bkp2,508
posesche,посещение,1993,bkp2,552
prosba,просьба,1993,bkp2,577
puskaj,пускай,1993,bkp2,565
tochtoxo,"То, что хотел бы я...",1993,bkp2,520
vademecu,вадемекум,1993,bkp2,489
avstrali,Австралия,1994,bkp3,8
chinatow,chinatown,1994,bkp3,105
diktant,диктант,1994,bkp3,26
instrukc,инструкция,1994,bkp3,78
jim,Джим,1994,bkp3,60
kogoljub,"Кого люблю, того не встречу...",1994,bkp3,82
korchma,корчма,1994,bkp3,73
moiraket,мои ракеты,1994,bkp3,33
orodine,песня о родине,1994,bkp3,96
piesa,пьеса,1994,bkp3,17
podrosto,подросток,1994,bkp3,52
rodljuds,Род людской...,1994,bkp3,68
theraven,The Raven,1994,bkp3,48
vrjadli,вряд ли,1994,bkp3,41
vtornik,"Вторник, второе августа...",1994,bkp3,88
1995,1995,1995,bkp3,172
aneta,Анета,1995,bkp3,114
interme1,интермедия 1,1995,bkp3,211
interme2,интермедия 2,1995,bkp3,218
karavan,караван,1995,bkp3,182
natura,natura non facit saltus,1995,bkp3,163
neznajuk,"Не знаю, как там ландыш...",1995,bkp3,192
once,once,1995,bkp3,149
paris,Paris,1995,bkp3,130
povodyr,поводырь,1995,bkp3,203
predpolo,предположим,1995,bkp3,156
serdcean,сердце ангела,1995,bkp3,121
shkolat2,школа танцев 2,1995,bkp3,138
celoelet,целое лето,1996,bkp3,230
chepuxa,Чепуха. Чепуха...,1996,bkp3,264
cirkachk,циркачка,1996,bkp3,268
eschezak,ещё заклинание,1996,bkp3,253
etoneja,это не я,1996,bkp3,248
inicialy,инициалы,1996,bkp3,281
interme3,интермедия 3,1996,bkp3,297
kinemat2,кинематограф 2,1996,bkp3,239
kollazh,коллаж,1996,bkp3,330
konecned,конец недели,1996,bkp3,320
kordebal,кордебалет,1996,bkp3,308
nadpis,надпись,1996,bkp3,288
switzerl,switzerland,1996,bkp3,274
volk,волк,1996,bkp3,312
chuzhaj1,чужая музыка 1,1997,bkp3,338
chuzhaj2,чужая музыка 2,1997,bkp3,360
cirkach,циркач,1997,bkp3,349
krasnye,Красные ворота,1997,bkp3,356
ryba,рыба,1997,bkp3,367
deja,déjà,2000,bkp3,526
dendensk,седьмой трамвай,1998,bkp3,431
dvaslova,два слова рыбы,1998,bkp3,374
interme4,интермедия 4,1998,bkp3,386
krechi,к речи,1998,bkp3,414
lozhnyj,ложный шаг,1998,bkp3,391
lunnaja,«лунная соната»,1998,bkp3,420
nochnoj,ночной дозор,1998,bkp3,396
otrozhde,от Рождества,1998,bkp3,410
propadu,флейтист,1998,bkp3,428
skerco,скерцо,2000,bkp3,493
varjete,варьете,1998,bkp3,402
zhaloba,жалоба,1998,bkp3,378
zvezdoch,звездочёт,1998,bkp3,382
epilog,эпилог,1999,bkp3,460
nerazmen,неразменная бабочка,1999,bkp3,454
pamjativ,памяти всех,1999,bkp3,450
slezazol,Тирренское море,1999,bkp3,442
ubykagol,эпиграф,1999,bkp3,436
allegro,аллегро,2000,bkp3,486
andante,анданте,2000,bkp3,480
gostinic,гостиница,2000,bkp3,518
kuznechiki,сверчки-кузнечики,2000,bkp3,499
nebyvaet,не бывает,2000,bkp3,473
poletval,«полёт валькирий»,2000,bkp3,512
posledet,после детства,2000,bkp3,502
serenada,серенада,2000,bkp3,466
bystrov,Быстров,2001,bkp3,542
esli,если,2001,bkp3,535
suhumi,Москва–Сухуми,2001,bkp3,553
udachny,без названья,2001,bkp3,548
volhonka,Волхонка,2001,bkp3,538
zastolnaya,застольная,2001,bkp3,556
zhizn,жизнь прекрасна,2001,bkp3,532
bereg,белый берег,2002,bkp3,564
interme5,интермедия 5,2002,bkp3,581
london,Лондон,2002,bkp3,570
nemo,nemo,2002,bkp3,576
temapoleta,тема полёта,2002,bkp3,560
traviata,«травиата»,2002,bkp3,586
mneniche,райцентр,2003,bkp3,592
eastcoast,east coast,2005,bkp4,82
fridrih,Фридрих идёт,2005,bkp4,102
kogdaned,cкрипач и конка,2005,bkp4,92
lhomme,l'homme a la moto,2005,bkp4,114
privelse,интермедия 6,2005,bkp4,74
treska,треска,2005,bkp4,110
chtobyat,тоже пародия,2006,bkp4,148
cybin,Цыбин,2006,bkp4,156
pochtich,почти,2006,bkp4,142
proschanie,«прощание с Петербургом»,2006,bkp4,128
tirbayard,тир «боярд»,2006,bkp4,136
bezvyxod,"завтра, в ч е р а, всегда",2007,bkp4,162
desyatpe,надо было,2007,bkp4,168
natrinad,песнь о Неведенье,2007,bkp4,177
nenadoby,не надо было,2007,bkp4,170
2001,2001,2008,bkp4,197
gonistos,интермедия 7,2008,bkp4,192
neumeesh,"з а в т р а, вчера, всегда",2008,bkp4,186
bystrov2,примечания к «Быстрову»,2009,bkp4,208
proschalm,тогда и там,2009,bkp4,220
sokolnik,Сокольники,2009,bkp4,214
vgorodev,"завтра, вчера, в с е г д а",2009,bkp4,224
otbagazh,конец 1-й части,2010,bkp4,233
vsetvoic,гадалка и ворон,2010,bkp4,226
kogdamen,конец 2-й части,2011,bkp4,271
ktosamgo,теперь и прежде,2011,bkp4,260
mezhdupr,интермедия 8,2011,bkp4,240
opyattor,как будто,2011,bkp4,247
rydaytru,"там же, тогда же",2011,bkp4,256
nadeyus,смотри,2012,bkp4,300
nadvuhk,чужая музыка 3,2012,bkp4,282
nazimnej,на зимней авеню,2012,bkp4,294
schastli,Ривьера,2012,bkp4,278
vkoncevr,сейчас и здесь,2012,bkp4,296
zvezdyip,звёзды и полосы,2012,bkp4,288
pavlovsk,Павловск,2013,bkp4,314
skazhuse,не только,2013,bkp4,306
uzhesli,конец 3-й части,2013,bkp4,321
bukvynak,Троекуровский погост,2014,bkp4,346
godshel,Черёмушки,2014,bkp4,354
neuzheli,неужели,2014,bkp4,334
vpotokah,Босфор,2014,bkp4,328
escheya,рецензия,2015,bkp4,402
konspekt,конспект,2015,bkp4,420
neradisp,Филёвский парк,2015,bkp4,371
neskify,не скифы,2015,bkp4,414
nesmogna,поездом,2015,bkp4,412
netlubez,хоровод,2015,bkp4,360
nezabyva,интермедия 9,2015,bkp4,389
pochtina,ровесник,2015,bkp4,378
shestsem,разминка,2015,bkp4,394
gdetytep,ничья сторона,2016,bkp4,424
naivnopo,пункт M,2016,bkp4,433
totosego,впрок,2016,bkp4,430
bezotvet,без ответа,2017,bkp4,436
hotyaizr,пикник,2017,bkp4,470
samsebe,интермедия 11,2017,bkp4,460
stenyusv,тень,2017,bkp4,454
uzhenera,интермедия 10,2017,bkp4,444
kchemuis,песня о колёсах,2018,bkp4,486
razvecht,служба,2018,bkp4,479
sovsemne,Чаттануга,2018,bkp4,474
apteka,аптека,2019,bkp4,508
izpepla,марш-марш,2019,bkp4,500
kogdakaz,времена года,2019,bkp4,494
kolodec,колодец,2018,bkp4,482
kudanena,отъезд,2019,bkp4,497
takieshk,интермедия 12,2019,bkp4,504
westcoast,West coast,2019,bkp4,511
chteniem,интермедия 13,2020,bkp4,527
okolotok,околоток,2020,bkp4,524
zanaves,рыба-меч,2020,bkp4,516
chtonam,Supplique,2021,bkp4,552
chtovpred,La non-demande,2021,bkp4,546
itakvope,нельзя,2021,bkp4,557
kanonov,La complainte,2021,bkp4,540
kuspehuv,чёт — нечет,2021,bkp4,530
solidnys,интермедия 14,2021,bkp4,536
aviapochta,авиапочта,2022,bkp4,583
chumka,чумка,2022,bkp4,571
hrustal,хрусталь,2022,bkp4,599
kto,Кто?,2022,bkp4,568
mytischi,Мытищи,2022,bkp4,576
peyzazh,пейзаж,2022,bkp4,564
spros,спрос,2022,bkp4,592

